dateOfLoss,totalAmountPaid,Date,ONI_Total,ONI_Anomaly,Resident Population,claimsPerCapita
1978-02-01,1322.0,1978-02-01,27.09,0.42,13648771.986035047,9.68585306687389e-05
1978-03-01,1306.9,1978-03-01,27.08,0.06,13672021.960843371,9.558937249683753e-05
1978-04-01,23898.920000000002,1978-04-01,27.14,-0.18,13697763.00438116,0.0017447316026971743
1978-05-01,201252.22,1978-05-01,27.11,-0.31,13722673.691675792,0.014665671174712848
1978-06-01,1349184.28,1978-06-01,26.98,-0.29,13748414.73521358,0.09813380713227667
1978-07-01,63816.76,1978-07-01,26.61,-0.36,13773325.422508216,0.004633358905156729
1978-08-01,633095.54,1978-08-01,26.27,-0.42,13799066.466046002,0.0458795920403598
1978-09-01,351133.07,1978-09-01,26.11,-0.42,13824807.50958379,0.025398767379334834
1978-11-01,65712.7,1978-11-01,26.37,-0.08,13875459.24041621,0.004735893699906748
1978-12-01,5763.05,1978-12-01,26.43,0.0,13900369.927710844,0.00041459687979318957
1979-01-01,1301650.1300000001,1979-01-01,26.5,0.03,13926110.97124863,0.09346831521645506
1979-02-01,137168.19,1979-02-01,26.75,0.07,13951852.01478642,0.009831539917039453
1979-03-01,175388.73,1979-03-01,27.22,0.2,13975101.989594745,0.012550085869182699
1979-04-01,20159145.56,1979-04-01,27.6,0.28,14000843.03313253,1.4398522654881603
1979-05-01,1249388.18,1979-05-01,27.66,0.23,14025753.720427165,0.08907814901814409
1979-06-01,949278.82,1979-06-01,27.32,0.05,14051494.763964953,0.06755714149603675
1979-07-01,145184178.99,1979-07-01,27.0,0.04,14076405.451259583,10.314009460206949
1979-08-01,41163.3,1979-08-01,26.86,0.17,14102146.494797371,0.002918938617974658
1979-09-01,48048187.77,1979-09-01,26.86,0.33,14127887.53833516,3.4009463650969884
1979-10-01,453178.22,1979-10-01,26.94,0.45,14152798.225629792,0.03202039715222703
1979-11-01,58806.17,1979-11-01,26.98,0.52,14178539.26916758,0.004147547845628847
1979-12-01,8788.84,1979-12-01,27.06,0.64,14203449.956462212,0.0006187820583689458
1980-01-01,276723.0,1980-01-01,27.06,0.59,14229191.0,0.0194475567866086
1980-02-01,3383.3,1980-02-01,27.13,0.46,14252590.09362168,0.0002373814147306527
1980-03-01,134076.67,1980-03-01,27.35,0.34,14274479.568300027,0.009392753645306274
1980-04-01,112224.57,1980-04-01,27.7,0.38,14297878.661921708,0.007849036395789112
1980-05-01,390032.36,1980-05-01,27.9,0.48,14320522.946071722,0.027235902031565836
1980-06-01,49311.76,1980-06-01,27.73,0.46,14343922.039693402,0.0034378156729757314
1980-07-01,11871.02,1980-07-01,27.22,0.25,14366566.323843416,0.0008262948663173822
1980-08-01,25881782.06,1980-08-01,26.72,0.03,14389965.417465096,1.7985993231496782
1980-09-01,5113925.36,1980-09-01,26.46,-0.07,14413364.51108678,0.3548044147545399
1980-10-01,2100870.57,1980-10-01,26.5,0.02,14436008.795236792,0.1455298760065309
1980-11-01,21966.1,1980-11-01,26.57,0.11,14459407.888858473,0.00151915625929093
1980-12-01,3252.94,1980-12-01,26.48,-0.01,14482052.173008488,0.00022461871847574192
1981-01-01,331.0,1981-01-01,26.32,-0.26,14505451.266630167,2.2819007414230985e-05
1981-02-01,5003.17,1981-02-01,26.32,-0.5,14528850.360251848,0.00034436103861925065
1981-03-01,23163.94,1981-03-01,26.69,-0.47,14549985.025458528,0.0015920250061748783
1981-04-01,152937.63,1981-04-01,27.11,-0.37,14573384.119080208,0.010494311324695433
1981-05-01,12173552.19,1981-05-01,27.31,-0.26,14596028.403230222,0.834031823842292
1981-06-01,16310815.9,1981-06-01,27.09,-0.29,14619427.496851902,1.115694571727403
1981-07-01,407978.78,1981-07-01,26.75,-0.3,14642071.781001916,0.027863459905267802
1981-08-01,20453889.29,1981-08-01,26.5,-0.25,14665470.874623597,1.394697072113272
1981-09-01,656876.17,1981-09-01,26.42,-0.16,14688869.968245275,0.04471931274632082
1981-10-01,6700176.75,1981-10-01,26.41,-0.13,14711514.25239529,0.4554376004434142
1981-11-01,273938.39999999997,1981-11-01,26.37,-0.15,14734913.346016971,0.018591110349084537
1981-12-01,1093.05,1981-12-01,26.46,-0.08,14757557.630166989,7.406713410121588e-05
1982-01-01,2800.4300000000003,1982-01-01,26.56,-0.05,14780956.723788667,0.00018946202551915677
1982-02-01,946066.95,1982-02-01,26.9,0.07,14804355.817410348,0.06390463466754819
1982-03-01,4845.55,1982-03-01,27.35,0.19,14825490.482617026,0.0003268391022665615
1982-04-01,333737.37,1982-04-01,27.95,0.47,14848889.576238709,0.02247557760373198
1982-05-01,10931643.35,1982-05-01,28.23,0.66,14871533.860388722,0.7350716780544828
1982-06-01,269409.27,1982-06-01,28.1,0.72,14894932.954010405,0.018087310015548783
1982-07-01,1534022.67,1982-07-01,27.83,0.79,14917577.238160416,0.10283323126196665
1982-08-01,68700.2,1982-08-01,27.81,1.07,14940976.331782095,0.004598106474063716
1982-09-01,13695.33,1982-09-01,28.16,1.58,14964375.425403778,0.0009151955635081552
1982-10-01,25024.920000000002,1982-10-01,28.5,1.97,14987019.709553791,0.0016697729425182073
1982-11-01,50805.28,1982-11-01,28.7,2.18,15010418.803175472,0.0033846677208801182
1982-12-01,1115826.43,1982-12-01,28.76,2.23,15033063.087325484,0.07422482188215944
1983-01-01,1047312.91,1983-01-01,28.79,2.18,15056462.180947166,0.06955903036274329
1983-02-01,275249.06,1983-02-01,28.75,1.92,15079861.274568848,0.018252758098258413
1983-03-01,27780.75,1983-03-01,28.71,1.54,15100995.939775528,0.0018396634308619616
1983-04-01,153031.21,1983-04-01,28.76,1.29,15124395.033397209,0.01011817065489769
1983-05-01,7607483.35,1983-05-01,28.63,1.06,15147039.31754722,0.5022422659976227
1983-06-01,147367.78,1983-06-01,28.1,0.72,15170438.411168903,0.00971414114779331
1983-07-01,617357.69,1983-07-01,27.36,0.31,15193082.695318917,0.04063412951673143
1983-08-01,114774099.71,1983-08-01,26.66,-0.08,15216481.788940595,7.542748797124596
1983-09-01,27283921.03,1983-09-01,26.12,-0.46,15239880.882562278,1.790297525305379
1983-10-01,662567.37,1983-10-01,25.73,-0.81,15262525.166712292,0.04341138591175368
1983-11-01,40388.28,1983-11-01,25.52,-1.0,15285924.260333972,0.0026421876304074782
1983-12-01,43059.82,1983-12-01,25.62,-0.91,15308568.544483986,0.0028127920566103745
1984-01-01,20676.0,1984-01-01,26.01,-0.6,15331967.638105666,0.0013485548944554525
1984-02-01,90391.15000000001,1984-02-01,26.41,-0.42,15355366.731727349,0.005886616163535403
1984-03-01,16526.3,1984-03-01,26.83,-0.34,15377256.206405694,0.001074723590357794
1984-04-01,16272.119999999999,1984-04-01,27.04,-0.43,15400655.300027374,0.0010565862090278118
1984-05-01,139615.96,1984-05-01,27.06,-0.51,15423299.584177388,0.009052275697427977
1984-06-01,82255.66,1984-06-01,26.94,-0.45,15446698.677799068,0.005325128800383918
1984-07-01,11821.59,1984-07-01,26.74,-0.3,15469342.961949082,0.0007641947062055777
1984-08-01,52243.58,1984-08-01,26.59,-0.16,15492742.055570764,0.0033721325645652664
1984-09-01,942618.64,1984-09-01,26.34,-0.24,15516141.149192443,0.06075084203839302
1984-10-01,22394405.77,1984-10-01,25.98,-0.56,15538785.43334246,1.4411940924254634
1984-11-01,16881.23,1984-11-01,25.61,-0.92,15562184.52696414,0.0010847596602360284
1984-12-01,33958.35,1984-12-01,25.39,-1.14,15584828.811114153,0.0021789363496750743
1985-01-01,17442.36,1985-01-01,25.56,-1.04,15608227.904735832,0.0011175105916224903
1985-02-01,76923.33,1985-02-01,25.98,-0.85,15631626.998357514,0.004921005984091271
1985-03-01,240823.87,1985-03-01,26.4,-0.77,15652761.663564194,0.01538539173956626
1985-04-01,1830447.01,1985-04-01,26.69,-0.78,15676160.757185876,0.11676628214985177
1985-05-01,182145.37,1985-05-01,26.79,-0.78,15698805.041335888,0.01160249901316695
1985-06-01,1021439.6,1985-06-01,26.76,-0.63,15722204.134957569,0.06496796449353293
1985-07-01,15477.16,1985-07-01,26.55,-0.49,15744848.419107582,0.0009829983489213702
1985-08-01,3309.5199999999995,1985-08-01,26.29,-0.46,15768247.512729265,0.00020988508693361876
1985-09-01,434388.55,1985-09-01,26.18,-0.4,15791646.606350943,0.027507489296607072
1985-10-01,812514.87,1985-10-01,26.19,-0.35,15814290.89050096,0.05137852058153594
1985-11-01,5104272.7,1985-11-01,26.25,-0.27,15837689.98412264,0.32228643855998307
1985-12-01,49658.8,1985-12-01,26.14,-0.36,15860334.268272651,0.003131005889285607
1986-02-01,390276.81,1986-02-01,26.28,-0.47,15907132.455516014,0.024534705490848303
1986-03-01,6078.73,1986-03-01,26.81,-0.31,15928267.120722694,0.00038163159582448015
1986-04-01,1438785.98,1986-04-01,27.26,-0.2,15951666.214344377,0.09019659518114703
1986-05-01,333438.07,1986-05-01,27.44,-0.12,15974310.498494389,0.020873393567217017
1986-06-01,3449676.84,1986-06-01,27.34,-0.04,15997709.592116067,0.2156356708525361
1986-07-01,12016.27,1986-07-01,27.26,0.22,16020353.876266085,0.0007500627072790149
1986-08-01,72635.29,1986-08-01,27.2,0.44,16043752.969887763,0.004527325379312925
1986-09-01,423406.86,1986-09-01,27.31,0.71,16067152.063509444,0.02635232792509701
1986-10-01,231781.13,1986-10-01,27.49,0.94,16089796.347659456,0.014405473195048653
1986-11-01,315357.99,1986-11-01,27.64,1.14,16113195.441281138,0.01957141220990033
1986-12-01,44786.3,1986-12-01,27.7,1.22,16135839.725431152,0.002775579130809897
1987-01-01,7627.72,1987-01-01,27.76,1.23,16159238.819052834,0.0004720346103806822
1987-02-01,61755.71,1987-02-01,27.95,1.19,16182637.912674516,0.003816170783357383
1987-03-01,1340.5,1987-03-01,28.19,1.06,16203772.577881193,8.272764836442082e-05
1987-04-01,5369.63,1987-04-01,28.41,0.95,16227171.671502875,0.0003309036293385496
1987-05-01,1287181.58,1987-05-01,28.53,0.97,16249815.955652889,0.0792120712943966
1987-06-01,4855534.05,1987-06-01,28.59,1.22,16273215.04927457,0.2983758301784656
1987-07-01,1277953.51,1987-07-01,28.54,1.51,16295859.333424583,0.07842197725521464
1987-08-01,24285.9,1987-08-01,28.45,1.7,16319258.427046264,0.0014881742395690266
1987-09-01,261938.55,1987-09-01,28.24,1.65,16342657.520667944,0.016027904254172626
1987-10-01,12270.34,1987-10-01,28.03,1.48,16365301.804817958,0.0007497778010050265
1987-11-01,2028042.03,1987-11-01,27.76,1.25,16388700.898439638,0.12374635686914569
1987-12-01,114638.19,1987-12-01,27.59,1.11,16411345.182589652,0.006985301248895583
1988-03-01,50795.469999999994,1988-03-01,27.27,0.14,16480032.84451136,0.0030822432503171448
1988-04-01,41403.0,1988-04-01,27.15,-0.31,16503431.93813304,0.002508750916488691
1988-05-01,103786.98,1988-05-01,26.69,-0.88,16526076.222283054,0.006280194923708392
1988-06-01,68330.99,1988-06-01,26.08,-1.3,16549475.315904737,0.004128891623188263
1988-07-01,339457.18,1988-07-01,25.74,-1.3,16572119.60005475,0.020483630832526606
1988-08-01,245168.95,1988-08-01,25.65,-1.11,16595518.69367643,0.01477320200262372
1988-09-01,2727008.12,1988-09-01,25.4,-1.19,16618917.787298111,0.16409059572364337
1988-10-01,31569.870000000003,1988-10-01,25.07,-1.48,16641562.071448123,0.0018970496798593403
1988-11-01,27122.41,1988-11-01,24.71,-1.8,16664961.165069804,0.001627511143371236
1989-01-01,213261.63,1989-01-01,24.84,-1.69,16711004.5428415,0.012761748071653476
1989-03-01,329955.49,1989-03-01,26.04,-1.08,16755538.30166986,0.019692324057838034
1989-04-01,74603.59,1989-04-01,26.64,-0.83,16778937.39529154,0.004446264280176351
1989-05-01,62985957.86,1989-05-01,26.99,-0.58,16801581.679441556,3.748811216807625
1989-06-01,46851484.12,1989-06-01,26.97,-0.4,16824980.773063235,2.784638196734771
1989-07-01,581414.92,1989-07-01,26.73,-0.31,16847625.05721325,0.03451020057874978
1989-08-01,39684551.74,1989-08-01,26.48,-0.27,16871024.15083493,2.3522313396745425
1989-09-01,62891.08,1989-09-01,26.35,-0.24,16894423.24445661,0.0037225940826737477
1989-10-01,3884663.68,1989-10-01,26.33,-0.22,16917067.528606623,0.22962985005711337
1989-11-01,2253.4,1989-11-01,26.34,-0.16,16940466.622228306,0.00013301876803341523
1990-01-01,21617.54,1990-01-01,26.67,0.14,16986510.0,0.0012726298692315255
1990-02-01,62607.29,1990-02-01,26.96,0.21,17019320.681818184,0.003678600995331362
1990-03-01,306394.53,1990-03-01,27.41,0.28,17048956.136363637,0.017971453944121106
1990-04-01,8404601.12,1990-04-01,27.75,0.29,17081766.818181816,0.492021768559336
1990-05-01,13719718.1,1990-05-01,27.86,0.29,17113519.09090909,0.801688888598493
1990-06-01,267169.08,1990-06-01,27.68,0.31,17146329.772727273,0.015581706612511072
1990-07-01,727440.45,1990-07-01,27.37,0.33,17178082.045454547,0.04234701220282542
1990-08-01,43098.41,1990-08-01,27.13,0.38,17210892.727272727,0.0025041356472872206
1990-09-01,105865.82,1990-09-01,26.98,0.39,17243703.40909091,0.006139389984183292
1990-10-01,16016.88,1990-10-01,26.89,0.35,17275455.681818184,0.0009271466000666604
1990-11-01,19933.21,1990-11-01,26.9,0.4,17308266.363636363,0.0011516583799448849
1990-12-01,8654.25,1990-12-01,26.94,0.41,17340018.636363637,0.0004990911590977895
1991-01-01,1220213.09,1991-01-01,27.02,0.41,17372829.318181816,0.07023686629574874
1991-02-01,104495.19,1991-02-01,27.15,0.26,17405640.0,0.0060035247195736555
1991-03-01,1.0,1991-03-01,27.48,0.22,17435275.454545453,5.735498716995008e-08
1991-04-01,13159649.66,1991-04-01,27.85,0.26,17468086.136363637,0.7533538338012494
1991-05-01,684158.59,1991-05-01,28.16,0.45,17499838.40909091,0.039095137566789735
1991-06-01,548152.5499999999,1991-06-01,28.17,0.64,17532649.09090909,0.0312646735332326
1991-07-01,28345.85,1991-07-01,27.94,0.73,17564401.363636363,0.001613823859587068
1991-08-01,88438.19,1991-08-01,27.57,0.64,17597212.045454547,0.005025693261612089
1991-09-01,154261.46,1991-09-01,27.41,0.62,17630022.727272727,0.00874992972989
1991-10-01,1396697.71,1991-10-01,27.54,0.79,17661775.0,0.07908025722216482
1991-11-01,358819.09,1991-11-01,27.91,1.21,17694585.681818184,0.02027846802701345
1991-12-01,16481575.47,1991-12-01,28.18,1.53,17726337.954545453,0.9297789262656889
1992-01-01,2526380.98,1992-01-01,28.39,1.71,17759148.636363637,0.1422580007482443
1992-02-01,1135594.82,1992-02-01,28.52,1.63,17791959.318181816,0.06382629364712644
1992-03-01,52227552.2,1992-03-01,28.73,1.48,17822653.181818184,2.930402767040322
1992-04-01,438845.32,1992-04-01,28.88,1.29,17855463.863636363,0.024577648799913438
1992-05-01,1236272.05,1992-05-01,28.76,1.06,17887216.136363637,0.0691148382495772
1992-06-01,1185442.24,1992-06-01,28.26,0.73,17920026.818181816,0.06615181171477041
1992-07-01,118783.93999999999,1992-07-01,27.57,0.37,17951779.09090909,0.006616833874707885
1992-08-01,231563.09,1992-08-01,27.03,0.09,17984589.772727273,0.012875639251508187
1992-09-01,32020.329999999998,1992-09-01,26.66,-0.13,18017400.454545453,0.0017771892277568748
1992-10-01,19869.15,1992-10-01,26.5,-0.25,18049152.727272727,0.0011008356070906981
1992-11-01,96997.04,1992-11-01,26.43,-0.28,18081963.40909091,0.005364297991623722
1992-12-01,20541.02,1992-12-01,26.52,-0.13,18113715.681818184,0.0011340036666589754
1993-01-01,110148.48,1993-01-01,26.77,0.09,18146526.363636363,0.006069948473484457
1993-02-01,33559.42,1993-02-01,27.18,0.3,18179337.045454547,0.0018460200125059564
1993-03-01,721309.38,1993-03-01,27.75,0.5,18208972.5,0.03961285459682033
1993-04-01,530717.27,1993-04-01,28.27,0.67,18241783.181818184,0.029093497313846632
1993-05-01,2231083.14,1993-05-01,28.4,0.7,18273535.454545453,0.12209367724979728
1993-06-01,5395309.81,1993-06-01,28.1,0.57,18306346.136363637,0.29472346746917355
1993-07-01,102589.54000000001,1993-07-01,27.53,0.32,18338098.40909091,0.0055943390482157285
1993-08-01,162553.88,1993-08-01,27.19,0.25,18370909.09090909,0.008848439627870151
1993-09-01,18704.4,1993-09-01,26.94,0.15,18403719.772727273,0.0010163380137812308
1993-10-01,816382.54,1993-10-01,26.85,0.1,18435472.045454547,0.044283245798487025
1993-11-01,97572.49,1993-11-01,26.75,0.04,18468282.727272727,0.005283246495675067
1993-12-01,22111.21,1993-12-01,26.71,0.06,18500035.0,0.0011951982793546067
1994-01-01,414698.26,1994-01-01,26.74,0.06,18532845.681818184,0.022376394166322956
1994-02-01,501309.52,1994-02-01,26.95,0.07,18565656.363636363,0.027001982056604812
1994-03-01,113546.92,1994-03-01,27.43,0.17,18595291.818181816,0.006106218773559545
1994-04-01,63364.12,1994-04-01,27.9,0.31,18628102.5,0.003401533784774912
1994-05-01,1341903.4,1994-05-01,28.12,0.42,18659854.772727273,0.07191392518023713
1994-06-01,64380.82,1994-06-01,27.94,0.41,18692665.454545453,0.0034441754792302595
1994-07-01,637367.13,1994-07-01,27.65,0.44,18724417.727272727,0.03403935648539041
1994-08-01,341676.13,1994-08-01,27.37,0.43,18757228.40909091,0.018215704503251808
1994-09-01,380579.45,1994-09-01,27.35,0.55,18790039.09090909,0.02025431922513297
1994-10-01,221644256.58,1994-10-01,27.49,0.74,18821791.363636363,11.775938448038264
1994-11-01,139547.78,1994-11-01,27.71,1.01,18854602.045454547,0.00740125830625219
1994-12-01,542960.76,1994-12-01,27.74,1.09,18886354.318181816,0.028748839021689534
1995-01-01,406296.22,1995-01-01,27.64,0.96,18919165.0,0.02147537800954746
1995-02-01,20537.44,1995-02-01,27.61,0.72,18951975.681818184,0.0010836569413553464
1995-03-01,752994.39,1995-03-01,27.79,0.53,18981611.136363637,0.03966967738357395
1995-04-01,504375.42,1995-04-01,27.9,0.3,19014421.818181816,0.02652594040580872
1995-05-01,7442234.0,1995-05-01,27.84,0.14,19046174.09090909,0.3907469271506998
1995-06-01,441464.11,1995-06-01,27.5,-0.03,19078984.772727273,0.023138763160556484
1995-07-01,62778.8,1995-07-01,26.97,-0.24,19110737.045454547,0.0032850015073035512
1995-08-01,326912.3,1995-08-01,26.4,-0.54,19143547.727272727,0.017076892154857304
1995-09-01,32449.32,1995-09-01,25.99,-0.81,19176358.40909091,0.0016921523527958673
1995-10-01,550148.1,1995-10-01,25.78,-0.97,19208110.681818184,0.028641447829679235
1995-11-01,332283.19,1995-11-01,25.7,-1.0,19240921.363636363,0.017269609064978864
1995-12-01,3944962.58,1995-12-01,25.66,-0.98,19272673.636363637,0.20469202428440722
1996-01-01,79642.82,1996-01-01,25.76,-0.9,19305484.31818182,0.004125398704708628
1996-02-01,10043.099999999999,1996-02-01,26.1,-0.75,19338295.0,0.0005193374079772802
1996-03-01,3578.25,1996-03-01,26.65,-0.59,19368988.863636363,0.00018474118732743252
1996-04-01,8240.33,1996-04-01,27.2,-0.39,19401799.545454547,0.0004247198813024818
1996-05-01,77171.3,1996-05-01,27.4,-0.31,19433551.81818182,0.003971034256733212
1996-06-01,240741.58000000002,1996-06-01,27.23,-0.3,19466362.5,0.012367055221539207
1996-07-01,156085.12,1996-07-01,26.93,-0.27,19498114.772727273,0.008005139051613439
1996-08-01,179942.08,1996-08-01,26.59,-0.32,19530925.454545453,0.009213187589025479
1996-09-01,7759301.97,1996-09-01,26.39,-0.35,19563736.136363637,0.3966165724131588
1996-10-01,1455491.35,1996-10-01,26.28,-0.4,19595488.40909091,0.07427686004114885
1996-11-01,233308.09,1996-11-01,26.17,-0.45,19628299.09090909,0.011886312151624865
1996-12-01,5983.03,1996-12-01,26.09,-0.49,19660051.363636363,0.0003043242303560984
1997-01-01,3460959.16,1997-01-01,26.12,-0.5,19692862.045454547,0.17574688493787774
1997-02-01,767233.14,1997-02-01,26.49,-0.36,19725672.727272727,0.03889515711873406
1997-03-01,4010969.31,1997-03-01,27.14,-0.1,19755308.181818184,0.20303248489393344
1997-04-01,6777965.93,1997-04-01,27.87,0.28,19788118.863636363,0.34252704750301094
1997-05-01,7214125.69,1997-05-01,28.46,0.75,19819871.136363637,0.36398449012941364
1997-06-01,10393808.41,1997-06-01,28.75,1.22,19852681.81818182,0.5235468187719085
1997-07-01,92315.79,1997-07-01,28.8,1.6,19884434.09090909,0.004642615906389088
1997-08-01,192220.35,1997-08-01,28.81,1.9,19917244.772727273,0.009650950831472823
1997-09-01,663878.95,1997-09-01,28.88,2.14,19950055.454545453,0.03327704785145049
1997-10-01,2183685.45,1997-10-01,29.01,2.33,19981807.727272727,0.10928367842412658
1997-11-01,346976.42,1997-11-01,29.02,2.4,20014618.40909091,0.01733614965361511
1997-12-01,718040.9299999999,1997-12-01,28.97,2.39,20046370.681818184,0.03581899892987883
1998-01-01,7375561.73,1998-01-01,28.87,2.24,20079181.363636363,0.3673238264263717
1998-02-01,74726.79000000001,1998-02-01,28.78,1.93,20111992.045454547,0.003715533987439538
1998-03-01,267364.64,1998-03-01,28.68,1.44,20141627.5,0.01327423218406755
1998-04-01,4672.22,1998-04-01,28.59,0.99,20174438.181818184,0.00023159108362238046
1998-05-01,432775.42,1998-05-01,28.16,0.45,20206190.454545453,0.0214179620336423
1998-06-01,54545.31,1998-06-01,27.39,-0.13,20239001.136363637,0.0026950593871946497
1998-07-01,49305.14,1998-07-01,26.42,-0.78,20270753.40909091,0.0024323289324750955
1998-08-01,3074731.16,1998-08-01,25.79,-1.12,20303564.09090909,0.15143800104419644
1998-09-01,79291199.14,1998-09-01,25.44,-1.31,20336374.772727273,3.898983964749505
1998-10-01,146246734.62,1998-10-01,25.32,-1.35,20368127.045454547,7.1801758842935515
1998-11-01,26207417.19,1998-11-01,25.14,-1.48,20400937.727272727,1.2846182631578233
1998-12-01,188784.53,1998-12-01,25.01,-1.57,20432690.0,0.009239338041148766
1999-01-01,581391.56,1999-01-01,25.08,-1.55,20465500.681818184,0.028408372169292484
1999-02-01,282175.64,1999-02-01,25.55,-1.3,20498311.363636363,0.013765799289231918
1999-03-01,3626712.06,1999-03-01,26.17,-1.07,20527946.81818182,0.17667193373609985
1999-04-01,758189.26,1999-04-01,26.62,-0.98,20560757.5,0.03687555091294666
1999-05-01,1564153.41,1999-05-01,26.68,-1.02,20592509.772727273,0.07595739554153642
1999-06-01,516056.98,1999-06-01,26.49,-1.04,20625320.454545453,0.025020555735718045
1999-07-01,75622.11,1999-07-01,26.1,-1.1,20657072.727272727,0.003660833797625115
1999-08-01,1108229.62,1999-08-01,25.8,-1.11,20689883.40909091,0.05356384074707043
1999-09-01,91092.06,1999-09-01,25.58,-1.16,20722694.09090909,0.004395763388697683
1999-10-01,17582.19,1999-10-01,25.41,-1.26,20754446.363636363,0.0008471529277121822
1999-11-01,64859.090000000004,1999-11-01,25.16,-1.46,20787257.045454547,0.0031201370078878417
1999-12-01,40747.88,1999-12-01,24.93,-1.65,20819009.31818182,0.00195724394841467
2000-01-01,15064.05,2000-01-01,24.96,-1.66,20851820.0,0.0007224333415500421
2000-02-01,11337.880000000001,2000-02-01,25.44,-1.41,20888257.440733645,0.0005427872589261705
2000-03-01,733580.76,2000-03-01,26.17,-1.07,20922344.07883931,0.0350620732187431
2000-04-01,1845139.33,2000-04-01,26.78,-0.81,20958781.519572955,0.08803657446769338
2000-05-01,5989477.34,2000-05-01,27.0,-0.71,20994043.55899261,0.2852941275066785
2000-06-01,4039994.58,2000-06-01,26.88,-0.64,21030480.99972625,0.19210186300791635
2000-07-01,122232.12,2000-07-01,26.65,-0.55,21065743.03914591,0.005802411990541198
2000-09-01,198504.66,2000-09-01,26.2,-0.55,21138617.920613196,0.009390616772841585
2000-10-01,687179.26,2000-10-01,26.05,-0.63,21173879.96003285,0.03245410200195231
2000-11-01,1039474.58,2000-11-01,25.88,-0.75,21210317.400766492,0.049007969110468654
2000-12-01,6351.91,2000-12-01,25.81,-0.74,21245579.440186147,0.00029897560656713944
2001-01-01,34370.75,2001-01-01,25.88,-0.68,21282016.88091979,0.001615013755149062
2001-02-01,700824.17,2001-02-01,26.26,-0.52,21318454.321653437,0.0328740611033964
2001-03-01,968580.01,2001-03-01,26.76,-0.44,21351365.558445115,0.045363843701177096
2001-04-01,647156.02,2001-04-01,27.25,-0.34,21387802.999178756,0.030258181264566975
2001-05-01,487706.86,2001-05-01,27.49,-0.25,21423065.03859841,0.022765503401184085
2001-06-01,973973247.92,2001-06-01,27.47,-0.12,21459502.479332056,45.3865716997888
2001-07-01,768758.2,2001-07-01,27.2,-0.08,21494764.51875171,0.03576490448775779
2001-08-01,3987824.56,2001-08-01,26.86,-0.13,21531201.959485356,0.18521142328717993
2001-09-01,2766000.81,2001-09-01,26.63,-0.19,21567639.400218997,0.12824773071697007
2001-10-01,466539.95999999996,2001-10-01,26.48,-0.29,21602901.439638652,0.021596171296877596
2001-11-01,12984733.97,2001-11-01,26.37,-0.35,21639338.880372297,0.6000522493678238
2001-12-01,1310499.89,2001-12-01,26.31,-0.31,21674600.91979195,0.06046246917530692
2002-01-01,235431.76,2002-01-01,26.44,-0.15,21711038.360525597,0.010843873797766183
2002-02-01,5355.8099999999995,2002-02-01,26.81,0.03,21747475.80125924,0.0002462727191396568
2002-03-01,238639.39,2002-03-01,27.29,0.09,21780387.038050916,0.01095661842845541
2002-04-01,1181729.78,2002-04-01,27.8,0.2,21816824.47878456,0.054165984657811
2002-05-01,413178.17,2002-05-01,28.18,0.43,21852086.518204216,0.018907950490484996
2002-06-01,721466.8,2002-06-01,28.24,0.65,21888523.95893786,0.03296096170547853
2002-07-01,70355100.72,2002-07-01,28.06,0.79,21923785.998357516,3.209076239171047
2002-08-01,4710785.5,2002-08-01,27.85,0.86,21960223.439091157,0.21451446125153634
2002-09-01,18995961.84,2002-09-01,27.83,1.01,21996660.8798248,0.8635838841077456
2002-10-01,93676001.67,2002-10-01,27.97,1.21,22031922.919244457,4.251830492207098
2002-11-01,6096237.11,2002-11-01,28.03,1.31,22068360.3599781,0.27624331896699417
2002-12-01,1828751.03,2002-12-01,27.76,1.14,22103622.399397757,0.08273535427613109
2003-01-01,7414.490000000001,2003-01-01,27.51,0.92,22140059.8401314,0.0003348902421013509
2003-02-01,352176.65,2003-02-01,27.41,0.63,22176497.280865043,0.015880625580301858
2003-03-01,68893.05,2003-03-01,27.58,0.38,22209408.51765672,0.0031019759011244844
2003-04-01,21606.88,2003-04-01,27.56,-0.04,22245845.958390363,0.0009712770663077721
2003-05-01,21772.56,2003-05-01,27.48,-0.26,22281107.997810017,0.0009771758209753303
2003-06-01,458841.42,2003-06-01,27.42,-0.16,22317545.438543662,0.020559672266088676
2003-07-01,11324996.07,2003-07-01,27.35,0.08,22352807.477963317,0.5066475914117201
2003-08-01,140627.43,2003-08-01,27.2,0.21,22389244.91869696,0.006281026024355288
2003-09-01,1302128.22,2003-09-01,27.08,0.26,22425682.359430604,0.058064151588788554
2003-10-01,5909573.61,2003-10-01,27.05,0.29,22460944.39885026,0.26310441382431377
2003-11-01,33181386.48,2003-11-01,27.07,0.35,22497381.839583904,1.4748999113140224
2003-12-01,18831.65,2003-12-01,26.97,0.35,22532643.87900356,0.0008357496839306892
2004-01-01,163069.71,2004-01-01,26.95,0.37,22569081.319737203,0.007225358785755786
2004-02-01,100539.43,2004-02-01,27.08,0.31,22605518.760470845,0.004447561282062164
2004-03-01,57136.76,2004-03-01,27.43,0.23,22639605.398576513,0.0025237524680351777
2004-04-01,3058308.9699999997,2004-04-01,27.76,0.17,22676042.83931015,0.1348696062920756
2004-05-01,4669656.28,2004-05-01,27.91,0.17,22711304.878729813,0.20560933442328755
2004-06-01,7054404.55,2004-06-01,27.87,0.28,22747742.319463454,0.31011449184405876
2004-07-01,13546344.66,2004-07-01,27.74,0.47,22783004.35888311,0.594581138054265
2004-08-01,242384.0,2004-08-01,27.63,0.64,22819441.79961675,0.010621819855561532
2004-09-01,1071567.22,2004-09-01,27.52,0.7,22855879.240350395,0.04688365775525388
2004-10-01,459137.21,2004-10-01,27.44,0.67,22891141.27977005,0.020057418911033527
2004-11-01,29902561.99,2004-11-01,27.38,0.66,22927578.720503695,1.3042180491243374
2004-12-01,131384.15,2004-12-01,27.3,0.69,22962840.75992335,0.005721598271469203
2005-01-01,56089.729999999996,2005-01-01,27.22,0.64,22999278.200656995,0.0024387604476386457
2005-02-01,66683.44,2005-02-01,27.36,0.58,23035715.641390637,0.0028947848218868885
2005-03-01,94192.23,2005-03-01,27.65,0.45,23068626.87818231,0.004083131193607561
2005-04-01,11800.72,2005-04-01,28.02,0.43,23105064.31891596,0.0005107417074073596
2005-05-01,437750.5,2005-05-01,28.03,0.29,23140326.358335614,0.01891721375149549
2005-06-01,15074.360000000002,2005-06-01,27.69,0.11,23176763.79906926,0.0006504083197588338
2005-07-01,1758697.02,2005-07-01,27.21,-0.06,23212025.83848891,0.07576663201381695
2005-08-01,1421306.22,2005-08-01,26.85,-0.14,23248463.279222555,0.06113549110449116
2005-09-01,52601719.31,2005-09-01,26.71,-0.11,23284900.7199562,2.259048468474593
2005-10-01,497454.5,2005-10-01,26.48,-0.29,23320162.759375855,0.021331519215062027
2005-11-01,4235.18,2005-11-01,26.15,-0.57,23356600.2001095,0.00018132690390359744
2005-12-01,444650.88,2005-12-01,25.81,-0.84,23391862.239529155,0.0190087849973996
2006-01-01,43368.42,2006-01-01,25.8,-0.85,23428299.680262797,0.0018511125686400446
2006-02-01,30000.0,2006-02-01,26.1,-0.77,23464737.12099644,0.0012785142166862697
2006-03-01,6590934.21,2006-03-01,26.73,-0.57,23497648.35778812,0.2804933544686179
2006-04-01,80446.75,2006-04-01,27.31,-0.37,23534085.798521765,0.0034183078403263517
2006-05-01,5210036.78,2006-05-01,27.69,-0.14,23569347.83794142,0.2210513763818699
2006-06-01,43681757.91,2006-06-01,27.62,-0.03,23605785.27867506,1.8504683235198756
2006-07-01,2535296.25,2006-07-01,27.4,0.1,23641047.318094715,0.10724128317528046
2006-08-01,1554320.1,2006-08-01,27.26,0.3,23677484.75882836,0.06564549046623114
2006-09-01,1225363.01,2006-09-01,27.3,0.54,23713922.199562,0.05167272624444356
2006-10-01,37656134.27,2006-10-01,27.48,0.77,23749184.23898166,1.5855759040427007
2006-11-01,326843.95,2006-11-01,27.62,0.94,23785621.6797153,0.013741240586481577
2006-12-01,298072.47,2006-12-01,27.56,0.94,23820883.719134957,0.012513073549851672
2007-01-01,925491.62,2007-01-01,27.3,0.66,23857321.1598686,0.038792771988030585
2007-02-01,806367.41,2007-02-01,27.09,0.22,23893758.600602243,0.0337480353542902
2007-03-01,3690935.53,2007-03-01,27.18,-0.12,23926669.837393925,0.15426031098701423
2007-04-01,1888019.41,2007-04-01,27.37,-0.32,23963107.27812757,0.07878858897916373
2007-05-01,8123168.7,2007-05-01,27.45,-0.38,23998369.31754722,0.33848836112628994
2007-06-01,29807150.63,2007-06-01,27.18,-0.47,24034806.758280866,1.2401660196302744
2007-07-01,13954983.709999999,2007-07-01,26.74,-0.56,24070068.79770052,0.5797650113627077
2007-08-01,29538647.18,2007-08-01,26.15,-0.81,24106506.23843416,1.2253392046046523
2007-09-01,1602374.1,2007-09-01,25.69,-1.07,24142943.679167807,0.06637028695811599
2007-10-01,845701.91,2007-10-01,25.37,-1.34,24178205.71858746,0.03497786063379593
2007-11-01,72251.75,2007-11-01,25.17,-1.5,24214643.159321107,0.0029838040364508797
2007-12-01,21601.58,2007-12-01,25.02,-1.6,24249905.19874076,0.0008907902865171498
2008-01-01,16969.690000000002,2008-01-01,25.0,-1.64,24286342.639474403,0.0006987338625626528
2008-02-01,96252.29999999999,2008-02-01,25.35,-1.52,24322780.08020805,0.003957290230910836
2008-03-01,888533.1,2008-03-01,26.01,-1.29,24356866.718313716,0.036479778383478184
2008-04-01,913470.13,2008-04-01,26.67,-1.01,24393304.15904736,0.037447576763035534
2008-05-01,167506.11000000002,2008-05-01,26.99,-0.84,24428566.198467012,0.006856976731221813
2008-06-01,79767.64,2008-06-01,27.04,-0.61,24465003.639200658,0.0032604793842003384
2008-07-01,26838540.91,2008-07-01,26.92,-0.37,24500265.678620312,1.0954387704219934
2008-08-01,3482813.22,2008-08-01,26.73,-0.23,24536703.119353954,0.1419429987418661
2008-09-01,2218558434.87,2008-09-01,26.52,-0.24,24573140.5600876,90.2838784259203
2008-10-01,1616023.86,2008-10-01,26.36,-0.35,24608402.599507257,0.06566959612536404
2008-11-01,269796.71,2008-11-01,26.12,-0.55,24644840.0402409,0.010947391403615002
2008-12-01,14980.38,2008-12-01,25.88,-0.73,24680102.079660553,0.0006069820923611852
2009-02-01,1483.7,2009-02-01,26.08,-0.79,24752976.96112784,5.994026505700739e-05
2009-03-01,155451.23,2009-03-01,26.68,-0.61,24785888.19791952,0.006271763543783284
2009-04-01,161883899.75,2009-04-01,27.36,-0.33,24822325.638653163,6.5217055849881955
2009-05-01,1013007.59,2009-05-01,27.84,0.01,24857587.678072818,0.04075244963909295
2009-06-01,1213568.65,2009-06-01,27.94,0.28,24894025.11880646,0.04874939445140981
2009-07-01,656865.42,2009-07-01,27.75,0.45,24929287.158226114,0.026349145718883863
2009-08-01,20631.91,2009-08-01,27.53,0.58,24965724.59895976,0.0008264094205725422
2009-09-01,2050038.04,2009-09-01,27.47,0.71,25002162.039693404,0.08199443059145693
2009-10-01,4801570.84,2009-10-01,27.72,1.01,25037424.07911306,0.19177575236286423
2009-11-01,611983.75,2009-11-01,28.03,1.36,25073861.5198467,0.024407239767021797
2009-12-01,114809.13,2009-12-01,28.18,1.56,25109123.559266355,0.004572406907354218
2010-01-01,211772.24,2010-01-01,28.14,1.5,25145561.0,0.008421853861204368
2010-02-01,108011.56999999999,2010-02-01,28.09,1.22,25179514.52245345,0.004289660545428003
2010-03-01,6396.389999999999,2010-03-01,28.14,0.84,25210182.22015334,0.00025372248181874084
2010-04-01,1537281.12,2010-04-01,28.04,0.35,25244135.742606793,0.060896563688072426
2010-05-01,2413827.38,2010-05-01,27.66,-0.17,25276993.990142383,0.09549503318873097
2010-06-01,20892788.08,2010-06-01,27.0,-0.66,25310947.512595836,0.8254447238532984
2010-07-01,8076851.86,2010-07-01,26.25,-1.05,25343805.760131434,0.3186913574245336
2010-08-01,56902.3,2010-08-01,25.61,-1.35,25377759.282584883,0.0022422113539018545
2010-09-01,38842364.01,2010-09-01,25.21,-1.56,25411712.805038337,1.5285220759420353
2010-10-01,4404.59,2010-10-01,25.07,-1.64,25444571.05257393,0.00017310529585659647
2010-11-01,28541.45,2010-11-01,25.03,-1.64,25478524.575027384,0.0011202159652515642
2010-12-01,46415.44,2010-12-01,25.02,-1.59,25511382.822562978,0.0018194011795765494
2011-01-01,4154.77,2011-01-01,25.22,-1.42,25545336.34501643,0.00016264299455233218
2011-03-01,159263.0,2011-03-01,26.37,-0.93,25609957.56516977,0.006218792030198517
2011-04-01,111202.98999999999,2011-04-01,26.95,-0.73,25643911.08762322,0.004336428621204783
2011-05-01,218100.71,2011-05-01,27.28,-0.55,25676769.335158817,0.008494086898282719
2011-06-01,116548.61,2011-06-01,27.21,-0.44,25710722.857612267,0.004533074026951873
2011-07-01,173869.38999999998,2011-07-01,26.81,-0.48,25743581.105147865,0.006753892913726438
2011-08-01,328415.77,2011-08-01,26.33,-0.62,25777534.62760131,0.012740387113992998
2011-09-01,2161.53,2011-09-01,25.93,-0.83,25811488.150054764,8.37429437401661e-05
2011-10-01,308739.5,2011-10-01,25.7,-1.01,25844346.39759036,0.011946113678030017
2011-11-01,65428.469999999994,2011-11-01,25.58,-1.09,25878299.92004381,0.002528314077901344
2011-12-01,8212.4,2011-12-01,25.58,-1.04,25911158.16757941,0.0003169445358978793
2012-01-01,13561921.61,2012-01-01,25.77,-0.86,25945111.69003286,0.522715869256018
2012-02-01,1246589.25,2012-02-01,26.15,-0.72,25979065.212486308,0.047984376643423345
2012-03-01,6630096.91,2012-03-01,26.71,-0.59,26010828.185104053,0.25489757045863465
2012-04-01,1453154.4,2012-04-01,27.21,-0.47,26044781.707557503,0.05579445496286625
2012-05-01,1319675.76,2012-05-01,27.57,-0.26,26077639.9550931,0.050605643849387545
2012-06-01,630083.95,2012-06-01,27.64,-0.01,26111593.47754655,0.024130428904762604
2012-07-01,10543843.85,2012-07-01,27.54,0.25,26144451.725082148,0.4032918326562027
2012-08-01,128683.09,2012-08-01,27.32,0.37,26178405.2475356,0.00491561990821095
2012-09-01,110739.86,2012-09-01,27.13,0.37,26212358.769989047,0.004224719376525086
2012-10-01,27866.11,2012-10-01,26.98,0.27,26245217.017524645,0.0010617595572325824
2012-11-01,37321.380000000005,2012-11-01,26.73,0.05,26279170.539978094,0.0014201886601871079
2012-12-01,14563.92,2012-12-01,26.41,-0.21,26312028.787513692,0.0005535080596639995
2013-01-01,270164.85,2013-01-01,26.21,-0.43,26345982.30996714,0.010254499028407528
2013-02-01,7473.91,2013-02-01,26.44,-0.43,26379935.83242059,0.00028331797497455107
2013-03-01,7118.700000000001,2013-03-01,26.96,-0.34,26410603.53012048,0.0002695394670508511
2013-04-01,6457259.17,2013-04-01,27.38,-0.3,26444557.05257393,0.24418102965999558
2013-05-01,6278526.33,2013-05-01,27.47,-0.36,26477415.300109528,0.23712761456644252
2013-06-01,2221731.51,2013-06-01,27.24,-0.41,26511368.822562978,0.08380297241043078
2013-07-01,136607.25,2013-07-01,26.89,-0.4,26544227.070098575,0.005146401499627191
2013-08-01,22658.010000000002,2013-08-01,26.64,-0.32,26578180.592552025,0.0008525041780455593
2013-09-01,521894.33,2013-09-01,26.51,-0.26,26612134.115005475,0.019611141584685066
2013-10-01,46701679.05,2013-10-01,26.54,-0.18,26644992.362541072,1.7527375656393758
2013-11-01,434184.96,2013-11-01,26.5,-0.17,26678945.88499452,0.016274442096462508
2013-12-01,16702.12,2013-12-01,26.35,-0.27,26711804.13253012,0.0006252711317113865
2014-01-01,1010.5,2014-01-01,26.22,-0.42,26745757.65498357,3.77816928215422e-05
2014-02-01,24910.27,2014-02-01,26.41,-0.46,26779711.177437022,0.0009301918842570602
2014-03-01,331.17,2014-03-01,27.03,-0.27,26810378.875136912,1.2352305856711204e-05
2014-04-01,257468.78000000003,2014-04-01,27.73,0.04,26844332.39759036,0.009591178360729556
2014-05-01,2671307.41,2014-05-01,28.04,0.21,26877190.64512596,0.09938938355837529
2014-06-01,1654034.4100000001,2014-06-01,27.82,0.16,26911144.16757941,0.06146280513753334
2014-07-01,5484699.78,2014-07-01,27.34,0.05,26944002.415115006,0.20355920755571197
2014-08-01,1294829.67,2014-08-01,27.02,0.07,26977955.937568456,0.047995840492750984
2014-09-01,3389113.97,2014-09-01,27.0,0.23,27011909.460021906,0.1254673970759434
2014-10-01,121585.41,2014-10-01,27.21,0.49,27044767.707557503,0.0044957091632191635
2014-11-01,153955.43,2014-11-01,27.31,0.64,27078721.230010953,0.005685476381704961
2014-12-01,74513.95000000001,2014-12-01,27.28,0.66,27111579.47754655,0.0027484178877040886
2015-01-01,136856.61,2015-01-01,27.19,0.55,27145533.0,0.005041588610545978
2015-02-01,31452.229999999996,2015-02-01,27.34,0.47,27179486.52245345,0.001157204716653376
2015-03-01,619412.97,2015-03-01,27.82,0.53,27210154.22015334,0.022764037461471962
2015-04-01,5169890.26,2015-04-01,28.38,0.7,27244107.74260679,0.1897617756045965
2015-05-01,485738822.49,2015-05-01,28.76,0.93,27276965.990142383,17.807655831867116
2015-06-01,9439936.28,2015-06-01,28.83,1.18,27310919.512595836,0.3456469591090218
2015-07-01,1680248.99,2015-07-01,28.81,1.52,27343777.760131434,0.061449043535231083
2015-08-01,1449641.98,2015-08-01,28.82,1.86,27377731.282584883,0.052949675231932926
2015-09-01,236686.9,2015-09-01,28.93,2.16,27411684.805038337,0.008634525812017813
2015-10-01,68988980.87,2015-10-01,29.14,2.42,27444543.05257393,2.513759501764769
2015-11-01,4454697.59,2015-11-01,29.25,2.57,27478496.575027384,0.1621157685187353
2015-12-01,1228284.44,2015-12-01,29.26,2.64,27511354.822562978,0.04464645408857302
2016-01-01,106226.85,2016-01-01,29.12,2.48,27545308.34501643,0.0038564407655004105
2016-02-01,3053.53,2016-02-01,29.01,2.14,27579261.86746988,0.00011071833664996238
2016-03-01,23865061.79,2016-03-01,28.88,1.58,27611024.840087622,0.8643308942068325
2016-04-01,474669544.78,2016-04-01,28.62,0.94,27644978.362541072,17.17019049735184
2016-05-01,151629333.66,2016-05-01,28.22,0.39,27677836.61007667,5.478366528285535
2016-06-01,46374307.58,2016-06-01,27.59,-0.07,27711790.13253012,1.6734504468393203
2016-07-01,979059.22,2016-07-01,26.93,-0.36,27744648.380065717,0.03528821870755606
2016-08-01,1572629.5,2016-08-01,26.42,-0.54,27778601.902519166,0.05661298237825938
2016-09-01,1437348.29,2016-09-01,26.14,-0.63,27812555.424972616,0.051679835528864036
2016-10-01,83515.14,2016-10-01,26.02,-0.69,27845413.672508217,0.002999242208509709
2016-11-01,172150.94,2016-11-01,26.01,-0.67,27879367.194961663,0.006174851057276185
2016-12-01,921659.72,2016-12-01,26.06,-0.56,27912225.44249726,0.03301992963258112
2017-01-01,3375088.79,2017-01-01,26.3,-0.34,27946178.96495071,0.12077102899229762
2017-02-01,51876.659999999996,2017-02-01,26.71,-0.16,27980132.48740416,0.0018540534081943091
2017-03-01,836248.4,2017-03-01,27.35,0.05,28010800.185104053,0.02985449878167747
2017-04-01,5161971.75,2017-04-01,27.89,0.2,28044753.707557503,0.18406193913583743
2017-05-01,1466413.2,2017-05-01,28.13,0.3,28077611.9550931,0.05222713392952928
2017-06-01,3123565.37,2017-06-01,27.97,0.31,28111565.47754655,0.1111131776881965
2017-07-01,1330085.56,2017-07-01,27.43,0.14,28144423.725082148,0.04725929274631534
2017-08-01,8927813263.44,2017-08-01,26.84,-0.11,28178377.2475356,316.8320583194975
2017-09-01,119217547.33,2017-09-01,26.38,-0.38,28212330.769989047,4.225724854212259
2017-10-01,551654.02,2017-10-01,26.06,-0.65,28245189.017524645,0.0195309020469903
2017-11-01,57675.93,2017-11-01,25.84,-0.84,28279142.539978094,0.002039521881487878
2017-12-01,105827.87,2017-12-01,25.64,-0.97,28312000.787513692,0.0037379156208088536
2018-01-01,318098.75,2018-01-01,25.72,-0.92,28345954.30996714,0.011222015901159784
2018-02-01,1156253.3699999999,2018-02-01,26.02,-0.85,28379907.83242059,0.040741970581001014
2018-03-01,772744.7,2018-03-01,26.6,-0.7,28410575.53012048,0.027199192046664003
2018-04-01,88029.14,2018-04-01,27.18,-0.5,28444529.05257393,0.0030947652477316826
2018-05-01,277230.88,2018-05-01,27.61,-0.22,28477387.300109528,0.009735123418394978
2018-06-01,45945391.84,2018-06-01,27.64,-0.01,28511340.822562978,1.6114777668975941
2018-07-01,1727494.22,2018-07-01,27.38,0.09,28544199.070098575,0.06051997520608779
2018-08-01,199515.9,2018-08-01,27.18,0.23,28578152.592552025,0.0069814134889879965
2018-09-01,21394387.74,2018-09-01,27.25,0.49,28612106.115005475,0.7477390043922638
2018-10-01,46263675.92,2018-10-01,27.47,0.76,28644964.362541072,1.6150718616532427
2018-11-01,852630.71,2018-11-01,27.57,0.9,28678917.88499452,0.029730225994548987
2018-12-01,1716344.22,2018-12-01,27.43,0.81,28711776.13253012,0.05977840632629485
2019-01-01,189240.61000000002,2019-01-01,27.39,0.75,28745729.65498357,0.006583259923172341
2019-02-01,182725.66,2019-02-01,27.59,0.72,28779683.177437022,0.006349119928577083
2019-03-01,15340.91,2019-03-01,28.01,0.71,28810350.875136912,0.0005324791102505827
2019-04-01,1422483.93,2019-04-01,28.34,0.66,28844304.39759036,0.0493159380927499
2019-05-01,62304671.37,2019-05-01,28.37,0.54,28877162.64512596,2.1575759410876922
2019-06-01,53537871.56,2019-06-01,28.1,0.45,28911116.16757941,1.851809222780432
2019-07-01,282177.5,2019-07-01,27.57,0.28,28943974.415115006,0.009749093056572162
2019-08-01,260834.24000000002,2019-08-01,27.1,0.14,28977927.937568456,0.00900113495215927
2019-09-01,752807967.78,2019-09-01,26.95,0.19,29011881.460021906,25.948264293626117
2019-10-01,366307.61,2019-10-01,27.06,0.35,29044739.707557503,0.012611839998851357
2019-11-01,64468.219999999994,2019-11-01,27.18,0.51,29078693.230010953,0.0022170260365574107
2019-12-01,10.0,2019-12-01,27.17,0.55,29111551.47754655,3.435062541312132e-07
2020-01-01,212706.52,2020-01-01,27.14,0.5,29145505.0,0.00729809004853407
2020-02-01,88964.75,2020-02-01,27.35,0.48,29181906.262178436,0.0030486270910719715
2020-03-01,1026513.6,2020-03-01,27.7,0.4,29215959.055829227,0.03513537235037944
2020-04-01,188846.43,2020-04-01,27.87,0.19,29252360.318007663,0.006455767259360152
2020-05-01,2317287.05,2020-05-01,27.75,-0.08,29287587.345922276,0.0791218143929031
2020-06-01,2637950.46,2020-06-01,27.35,-0.3,29323988.608100712,0.08995878750516462
2020-07-01,27819157.23,2020-07-01,26.88,-0.41,29359215.63601533,0.9475442932431029
2020-08-01,1221602.66,2020-08-01,26.38,-0.57,29395616.89819376,0.04155730645935389
2020-09-01,7862405.36,2020-09-01,25.87,-0.89,29432018.16037219,0.2671378264704283
2020-10-01,364322.74,2020-10-01,25.54,-1.17,29467245.188286807,0.012363651154768203
2020-11-01,58427.67,2020-11-01,25.4,-1.27,29503646.450465243,0.0019803541944585176
2020-12-01,595936.44,2020-12-01,25.43,-1.19,29538873.478379857,0.02017465020919565
2021-01-01,11854.310000000001,2021-01-01,25.59,-1.05,29575274.740558293,0.00040081825457206986
2021-02-01,45847.619999999995,2021-02-01,25.94,-0.93,29611676.00273673,0.0015482953411945588
2021-03-01,7.0,2021-03-01,26.46,-0.84,29644554.5621237,2.361310568971669e-07
2021-04-01,793420.04,2021-04-01,27.03,-0.66,29680955.824302133,0.026731620258346418
2021-05-01,20331733.9,2021-05-01,27.35,-0.48,29716182.85221675,0.6841973614549657
2021-06-01,3879962.05,2021-06-01,27.28,-0.38,29752584.114395183,0.13040756510701734
2021-07-01,10590880.540000001,2021-07-01,26.89,-0.4,29787811.142309796,0.355544101223235
2021-08-01,1649303.99,2021-08-01,26.46,-0.49,29824212.404488232,0.05530083972148069
2021-09-01,4362053.13,2021-09-01,26.09,-0.67,29860613.666666668,0.14608049180413696
2021-10-01,4951795.79,2021-10-01,25.9,-0.81,29895840.69458128,0.16563494034464565
2021-11-01,7856.28,2021-11-01,25.69,-0.98,29932241.956759714,0.0002624688124380802
2021-12-01,56071.19,2021-12-01,25.63,-0.98,29967468.98467433,0.0018710685920347622
2022-01-01,2574401.69,2022-01-01,25.67,-0.97,30003870.246852763,0.08580232046130916
2022-02-01,26672.489999999998,2022-02-01,25.94,-0.93,30040271.5090312,0.0008878911095054942
2022-03-01,6751.26,2022-03-01,26.31,-0.99,30073150.06841817,0.00022449460680508992
2022-04-01,1849050.07,2022-04-01,26.62,-1.06,30109551.330596607,0.061410748028019914
2022-05-01,349514.93,2022-05-01,26.84,-0.99,30144778.35851122,0.011594543036383489
2022-06-01,814376.6699999999,2022-06-01,26.8,-0.85,30181179.620689657,0.026982930429986653
2022-07-01,393488.16000000003,2022-07-01,26.48,-0.81,30216406.64860427,0.013022334673212232
2022-08-01,10362166.09,2022-08-01,26.04,-0.91,30252807.910782702,0.34251915129857147
2022-09-01,617896.01,2022-09-01,25.75,-1.01,30289209.17296114,0.020399872656681618
2022-10-01,32291.8,2022-10-01,25.72,-0.99,30324436.20087575,0.001064877176482095
2022-11-01,1023338.37,2022-11-01,25.76,-0.92,30360837.463054188,0.03370586767394973
2022-12-01,288606.74,2022-12-01,25.79,-0.83,30396064.4909688,0.009494871945864902
2023-01-01,2599377.09,2023-01-01,25.96,-0.68,30432465.753147237,0.08541460659431384
2023-02-01,51970.409999999996,2023-02-01,26.44,-0.43,30468867.01532567,0.0017056889569887575
2023-03-01,187634.99,2023-03-01,27.15,-0.15,30501745.574712645,0.006151614816286385
2023-04-01,2410987.52,2023-04-01,27.85,0.16,30538146.836891077,0.07895002708833165
2023-05-01,3797896.62,2023-05-01,28.31,0.48,30573373.86480569,0.1242223588667105
2023-06-01,2342993.5,2023-06-01,28.42,0.77,30609775.126984127,0.07654396317124616
2023-07-01,275331.88,2023-07-01,28.36,1.07,30645002.15489874,0.008984560634334528
2023-08-01,35121.08,2023-08-01,28.28,1.32,30681403.417077176,0.001144702526236193
2023-09-01,543637.6,2023-09-01,28.32,1.56,30717804.67925561,0.017697801183270433
2023-10-01,2049508.95,2023-10-01,28.49,1.78,30753031.707170226,0.06664412697633797
2023-11-01,239752.93,2023-11-01,28.6,1.92,30789432.969348654,0.007786857596197945
2023-12-01,26096.64,2023-12-01,28.57,1.95,30824659.99726327,0.0008466156642868715
2024-01-01,3350532.93,2024-01-01,28.42,1.78,30861061.259441707,0.10856829912078704
2024-02-01,242155.34,2024-02-01,28.35,1.48,30897462.521620143,0.007837385993447021
2024-03-01,425967.57,2024-03-01,28.43,1.14,30931515.315270934,0.013771312709975744
2024-04-01,14845666.67,2024-04-01,28.39,0.71,30967916.57744937,0.4793886160495057
2024-05-01,66241584.33,2024-05-01,28.22,0.39,31003143.605363984,2.1366086346979105
2024-06-01,4979618.07,2024-06-01,27.8,0.15,31039544.86754242,0.1604281922061013
2024-07-01,63167287.18,2024-07-01,27.33,0.04,31074771.895457033,2.0327514355538914
2024-08-01,179205.65,2024-08-01,26.85,-0.11,31111173.15763547,0.0057601701193327835
2024-09-01,1129734.14,2024-09-01,26.55,-0.21,31147574.4198139,0.03627037292770195
2024-10-01,3471.92,2024-10-01,26.46,-0.26,31182801.44772852,0.00011134086223202081
2024-11-01,1690680.24,2024-11-01,26.3,-0.37,31219202.70990695,0.05415513828812443
2024-12-01,27554.559999999998,2024-12-01,26.09,-0.53,31254429.737821564,0.0008816209488108405
2025-01-01,465225.18000000005,2025-01-01,26.05,-0.59,31290831.0,0.01486777963806714
